manuscript_item	script	output	note
Public GEO/ENA selection	scripts/00_build_geo_patient_metadata.R	metadata/sra_runs.csv	exact run + FASTQ URL + MD5 selection from public metadata
Matched disease/normal pairs	scripts/00_build_geo_patient_metadata.R	metadata/sample_sheet_GSE*.csv	cohort-specific public title/metadata rules
Clinical metadata	scripts/00_build_geo_patient_metadata.R	metadata_output/GEO_patient_metadata_combined.tsv	GEO plus published GSE127165 Table S1 age
FASTQ/run audit	scripts/00_build_geo_patient_metadata.R	metadata_output/GEO_SRA_run_mapping.tsv; metadata_output/FASTQ_selection_audit.tsv	full accession/provenance audit
Combined GRCh37 reference	reference_build/build_kallisto_reference.sh	reference/combined.idx; reference/reference_build_summary.txt	Ensembl GRCh37.75 + hominoid orphan GTF (figshare 1604892); 2,190 orphan + 196,317 other = 198,507
Kallisto quantification	scripts/02_run_kallisto.sh	data/kallisto/<cohort>_<run>/abundance.tsv	uses exact ENA URLs in sra_runs.csv
Gene-locus abundance	scripts/04_aggregate_gene_level.R	abundance_gene.tsv/csv	combined-GTF gene_id mapping; not used by the revised tables
Table 1 (cohorts, batch diagnostics)	diag_batch.R	logs_batch/diag_<cohort>.log	depth, mapping rate, zero rates, Wilcoxon P per cohort
Table 2 (slopes, intercept, amplification)	diag_slope.R	slope_<cohort>.csv	NSET=200; the intercept is the central claim
Table 2 sensitivity (shallow libraries)	diag_slope.R with EXCLUDE_LIBS	slope_<cohort>_excl.csv	SRR8631680, SRR10969201
Table 3 (interaction coefficient, mismatched pairs)	diag_mismatch_beta3.R	mismatch_beta3_<cohort>_rank.csv	N_PERM=200, NMIS=5, TRANSFORMS=rank
Table 3 last row (between-patient variance)	R/07_interaction_permutation.R	results/interaction_summary_external2.csv	N_PERM=1000
Table 4 columns 2-4 (orph_excess, mismatched pairs)	diag_mismatch.R	mismatch_<cohort>.csv	NMIS=20; no matching, no stratification
Table 4 column 5 (same-condition null)	batch_extra.R	logs_batch/extra_<cohort>.log	200 random same-condition pairings
Table 5 (unit of analysis)	de_framework.R; rho_compare.R	de_<cohort>_<engine>.csv; de_logfc_<cohort>_<engine>.csv	camera P and rho-bar; per-patient one-sample t
Table 6 (benchmark)	R/07_interaction_permutation.R; de_framework.R; 07_matching_validation.R	results/interaction_summary_*.csv	representation, normalisation, model and matching axes
Table 7 (clinical variables)	clinical_assoc.R; clinical_sensitivity.R	clinical_assoc_coefficients.csv; clinical_assoc_posterior.csv	PASI (GSE244679), stage and alcohol (GSE127165)
Table S1 (matching on synthetic data)	R/07_matching_validation.R	stdout	12 patients, 20,000 transcripts, 4 scenarios x 3 matching variables
Table S3 (patient-level test, unfiltered set)	rho_compare.R	rho_delta_<cohort>.csv; rho_<cohort>.csv	full set: every transcript nonzero somewhere in the cohort
Table S4 (analysis settings and software)	R/config.R; R/06_session_info.R; reference_build/build_kallisto_reference.sh	results/sessionInfo.txt	switches, reference build parameters, package versions
Table S5 (sensitivity analyses)	de_framework.R; diag_slope.R with EXCLUDE_LIBS	de_<cohort>_<engine>[_mc<N>].csv; slope_<cohort>_excl.csv	engine, filterByExpr threshold, shallow-library exclusion
Two-dimensional matching check (synthetic)	test_2d.R	stdout	24 patients, 30,000 transcripts; normal-side zero-rate gap
Intercept negative control	diag_mismatch_slope.R; mismatch_summary.R	mismatch_slope_<cohort>.csv; mismatch_pooled.csv	pairing broken without fixed points; SE inflation
Resampling-noise diagnostic	check_draw_noise.R	stdout	from existing slope_<cohort>.csv; no re-run needed
Figure 1	make_fig1.R	figures/Fig1.pdf	schematic of the quantities
Figure 2	make_fig2.R	figures/Fig2.pdf	per-patient excess against the global detection shift
Session info	R/06_session_info.R	results/sessionInfo.txt	software provenance
Batch of Table 2 and 5	run_verify.sh	logs/<timestamp>/	drives diag_slope.R, de_framework.R, rho_compare.R
Batch of the intercept control	run_mismatch.sh	logs_mismatch/	drives diag_mismatch_slope.R and mismatch_summary.R
Batch of Table 1 and 4	run_batch_audit.sh	logs_batch/	drives diag_batch.R and batch_extra.R
Preprint v1 (superseded)	legacy_v1/	legacy_v1/README.md	scripts reproducing the first version's Tables 1-5, 7 and Figure 2
